text,label
"I love this product!",1
"This is the worst experience ever.",0
"I feel great after using this.",1
"The service was okay, but the food was amazing!",1
"I will never buy this again.",0
"Absolutely fantastic! Highly recommend.",1
"Not worth the money.",0
"The quality is decent, but I've seen better.",0
"I am very satisfied with my purchase.",1
"This is the best thing I've ever bought!",1
"I had a bad experience with customer service.",0
"Overall, I would say it was fine.",1
"Terrible product. Do not waste your money.",0
"Just okay, nothing special.",0
"I will definitely recommend this to my friends.",1
"Very disappointed. It broke after a week.",0
"Great value for the price!",1
"Could be better. Expected more.",0
"Superb quality! Exceeded my expectations.",1
"Will not be purchasing from here again.",0
"An average experience; neither good nor bad.",0
"Best purchase I've made this year!",1
"Awful. Would not recommend.",0
"Great product, but shipping was late.",1
"Not impressed with the performance.",0
"I love the design and functionality!",1
"Just as expected, very satisfied.",1
"Had to return it due to defects.",0
"Really enjoyed this. Will buy again.",1
"The customer support was helpful, but the product failed.",0
"I won't buy this brand again.",0
"The price is just right for the quality.",1
"Disappointing experience overall.",0
"Good, but I've seen better options.",0
"This is a game changer!",1
"Extremely unsatisfied with the service.",0
"Such a great investment.",1
"I regret this purchase.",0
"Wonderful experience overall.",1
"Would not buy again.",0
"Highly recommend this product!",1
"Poor quality, not what I expected.",0
"Fantastic results!",1
"Service was lacking.",0
"Exceptional quality!",1
"Not what I hoped for.",0
"I will continue to buy this.",1
"Completely let down.",0
"Exceeded all my expectations!",1
"This was a huge disappointment.",0
"Wonderful product, will share with friends.",1
"Not worth the hype.",0
"Such a useful tool!",1
"Delivery was way too slow.",0
"I can't believe how well this works!",1
"Very unsatisfied with the quality.",0
"Thrilled with my purchase!",1
"This was not a good experience.",0
"Absolutely love it!",1
"Terrible quality for the price.",0
"Best thing I've bought all year!",1
"Never again.",0
"I am amazed by how good this is.",1
"Complete waste of money.",0
"Exactly what I was looking for!",1
"Very disappointing product.",0
"Can't recommend it enough!",1
"Just didn't work for me.",0
"This is a must-have!",1
"Regretting this decision.",0
"Wonderful customer support!",1
"Not as described.",0
"Extremely happy with this purchase!",1
"Product did not meet my expectations.",0
"Such a great value!",1
"Wouldn't buy again.",0
"Impressive quality and performance!",1
"Very frustrating experience.",0
"Awesome product!",1
"Really poor quality.",0
"I'm so glad I bought this.",1
"Not worth the money.",0
"Brilliant item!",1
"Very unhappy with my order.",0
"Exactly as advertised!",1
"Disappointing delivery time.",0
"I've been recommending this to everyone!",1
"Didn't work as promised.",0
"Such a pleasure to use!",1
"Highly disappointing.",0
"Great for the price!",1
"Service was terrible.",0
"Will definitely purchase again!",1
"Too complicated to use.",0
"Absolutely satisfied!",1
"Awful experience.",0
"Fantastic purchase!",1
"Not impressed at all.",0
"This product is a lifesaver!",1
"Very low quality.",0
"Can't say enough good things!",1
"Will not purchase again.",0
"Best investment ever!",1
"Such a letdown.",0
"Highly recommend to anyone!",1
"Very misleading product description.",0
"Perfect for my needs!",1
"Awful product, waste of money.",0
"Exceptional value!",1
"Really disappointed.",0
"Wonderful experience with this product!",1
"Not what I expected at all.",0
"I love how easy this is to use!",1
"Very dissatisfied with the service.",0
"This has changed my life!",1
"Completely unsatisfactory.",0
"Great product for anyone!",1
"Will not recommend to others.",0
"Superb functionality!",1
"Totally unhelpful.",0
"Best quality I've seen in a while!",1
"Completely regret this purchase.",0
"Absolutely wonderful!",1
"Very unhappy with this item.",0
"Such a fantastic deal!",1
"Very poor experience overall.",0
"Just perfect for me!",1
"Disappointing quality.",0
"I am so pleased with this purchase!",1
"Too expensive for what you get.",0
"I would buy this again in a heartbeat!",1
"Totally not worth it.",0
"Great addition to my collection!",1
"Did not meet my standards.",0
"Highly effective product!",1
"Very frustrated with the results.",0
"Absolutely love using this!",1
"Would not buy again.",0
"Such a useful gadget!",1
"Very unsatisfactory.",0
"Wonderful gift idea!",1
"Regret my decision to buy this.",0
"I recommend this to everyone!",1
"Quality was not as expected.",0
"This is a must-have item!",1
"Very poor customer service.",0
"I couldn't be happier with my purchase!",1
"Awful product quality.",0
"Fantastic experience overall!",1
"Not worth the money I spent.",0
"Best quality for the price!",1
"Very disappointing outcome.",0
"I love everything about this!",1
"Not satisfied at all.",0
"Such a great find!",1
"Product did not work as promised.",0
"Impressive results!",1
"Never buying this brand again.",0
"Extremely satisfied with this!",1
"Very dissatisfied with my choice.",0
"Wonderful product, will buy again!",1
"Disappointed in the performance.",0
"I will continue to use this.",1
"Not what I expected from a brand like this.",0
"Fantastic quality!",1
"Very low standards for their products.",0
"Can't believe how great this is!",1
"Wasn't worth the wait.",0
"Such a nice surprise!",1
"Terribly disappointing experience.",0
"I can't get enough of this!",1
"Quality is lacking.",0
"Best product I've purchased in years!",1
"Regretful purchase.",0
"Awesome quality and features!",1
"Really disappointed with this.",0
"This is a lifesaver!",1
"Very bad quality.",0
"I'd recommend this to anyone!",1
"Totally unimpressed.",0
"Exceptional product!",1
"Very subpar experience.",0
"Wonderful buy!",1
"Could have been better.",0
"Impressive quality!",1
"Had issues from the start.",0
"Highly recommend for anyone looking!",1
"Didn't meet my expectations at all.",0
"Such a fantastic product!",1
"Will not be purchasing again.",0
"Great for everyday use!",1
"Terrible mistake to buy this.",0
"Absolutely thrilled with my purchase!",1
"Not what I signed up for.",0
"Very useful and practical!",1
"Completely unsatisfied with the service.",0
"I've had nothing but good experiences!",1
"Poor product performance.",0
"Wonderful value for money!",1
"Very disappointed in the quality.",0
"I love using this every day!",1
"Not worth the hassle.",0
"This is my new favorite!",1
"Really bad quality for the price.",0
"Impressive and reliable!",1
"Awful service from the seller.",0
"I couldn't be happier!",1
"Very frustrating purchase.",0
"This product is amazing!",1
"Complete waste of time.",0
"Such a smart choice!",1
"Did not live up to the hype.",0
"Fantastic quality and design!",1
"Very unhappy with the service.",0
"Best purchase ever!",1
"Very misleading product description.",0
"I would definitely buy this again!",1
"Not what I was hoping for.",0
"Awesome item, highly recommend!",1
"Complete disappointment.",0
"I can't stop using this!",1
"Not worth the trouble.",0
"Perfect for what I needed!",1
"Very frustrating to deal with.",0
"This product exceeded my expectations!",1
"Awful experience with returns.",0
"Absolutely perfect!",1
"Would not recommend to a friend.",0
"I love how it works!",1
"Very underwhelming performance.",0
"Great features for the price!",1
"Really disappointing quality.",0
"Highly effective and reliable!",1
"Completely unhappy with this purchase.",0
"Wonderful customer experience!",1
"Never buying from this seller again.",0
"Fantastic product overall!",1
"Could have been much better.",0
"Very pleased with my choice!",1
"Awful experience with shipping.",0
"Such a joy to use!",1
"Will not buy this again.",0
"Exceptional performance!",1
"Very poor quality control.",0
"I would buy this again!",1
"Very disappointing product.",0
"Great product, great price!",1
"Service left a lot to be desired.",0
"Best quality I've seen!",1
"Extremely frustrating experience.",0
"I can't recommend this highly enough!",1
"Really poor experience overall.",0
"Such a good buy!",1
"Did not meet my expectations.",0
"Wonderful addition to my routine!",1
"Very unhappy with the quality.",0
"Impressive and effective!",1
"Completely regret my purchase.",0
"Best decision I've made!",1
"Terrible product overall.",0
"Awesome functionality!",1
"Really disappointed in the service.",0
"Perfect for my needs!",1
"Very low value for the price.",0
"Such a great tool!",1
"Never again.",0
"Absolutely fantastic!",1
"Very disappointing experience.",0
"Great results every time!",1
"Not worth your time or money.",0
"Highly recommend this item!",1
"Very frustrating and disappointing.",0
"Wonderful customer support!",1
"Will not buy from here again.",0
"I am beyond satisfied!",1
"Complete waste of money.",0
"Fantastic and reliable!",1
"Very bad quality overall.",0
"Best investment I've made!",1
"Very unhappy with this product.",0
"Impressive performance!",1
"Very poor service experience.",0
"Wonderful product for anyone!",1
"Not what I expected at all.",0
"I love how versatile this is!",1
"Wouldn't recommend this to anyone.",0
"Such a smart buy!",1
"Extremely dissatisfied with the product.",0
"I highly recommend this!",1
"Very frustrating overall.",0
"Fantastic purchase, worth every penny!",1
"Very disappointed in the quality.",0
"Best thing I've added to my life!",1
"Completely unsatisfactory experience.",0
"Wonderful item!",1
"Really poor quality control.",0
"Exceptional value for the price!",1
"Not worth the investment.",0
"Great product for daily use!",1
"Will not purchase again.",0
"Absolutely love it!",1
"Awful product, very disappointing.",0
"Impressive results and features!",1
"Terrible experience overall.",0
"This has made my life easier!",1
"Very low quality for the price.",0
"Such a great find!",1
"Very poor product performance.",0
"Wonderful buy, highly recommend!",1
"Will never buy this again.",0
"Fantastic experience overall!",1
"Disappointing product, not as described.",0
"Impressed with how well it works!",1
"Very unhappy with my order.",0
"Great value for the money!",1
"Not satisfied with the quality.",0
"I love this product so much!",1
"Total waste of money.",0
"Exceptional customer service!",1
"Would not recommend this brand.",0
"Best thing I've bought in ages!",1
"Very frustrating product to use.",0
"Wonderful quality!",1
"Completely let down by the product.",0
"Highly effective for my needs!",1
"Very low standards for quality.",0
"I can't recommend this enough!",1
"Not worth the effort.",0
"Such a fantastic deal!",1
"Very disappointing service.",0
"Absolutely wonderful!",1
"Very unhappy with the results.",0
"Great item, will buy again!",1
"Poor customer service experience.",0
"Impressive quality!",1
"Completely unsatisfied with this product.",0
"I couldn't be happier with my choice!",1
"Very disappointing experience overall.",0
"This product is amazing!",1
"Total regret purchasing this.",0
"Such a smart purchase!",1
"Very frustrating outcome.",0
"Fantastic and reliable product!",1
"Really poor quality for the price.",0
"I'd buy this again in a heartbeat!",1
"Complete disappointment.",0
"Great product, very happy!",1
"Very frustrating customer service.",0
"Best choice I've made recently!",1
"Not what I expected at all.",0
"Wonderful product for everyone!",1
"Very disappointed with the quality.",0
"I love this so much!",1
"Total waste of time and money.",0
"Exceptional features!",1
"Very poor experience overall.",0
"Highly effective for my needs!",1
"Very unhappy with the results.",0
"Fantastic experience overall!",1
"Will never buy this product again.",0
"Best quality for the price!",1
"Very low quality overall.",0
"I am so pleased with this purchase!",1
"Awful experience with this brand.",0
"Such a great investment!",1
"Very disappointing customer service.",0
"Absolutely satisfied!",1
"Will not recommend this product.",0
"Wonderful results!",1
"Did not meet my expectations.",0
"Great addition to my routine!",1
"Total waste of effort.",0
"Very effective and useful!",1
"Very poor product quality.",0
"I can't believe how great this is!",1
"Really unhappy with this purchase.",0
"Such a fantastic item!",1
"Did not live up to the hype.",0
"Exceptional and effective!",1
"Very disappointed in the service.",0
"I highly recommend this!",1
"Very frustrating overall.",0
"Fantastic quality!",1
"Will not buy this again.",0
"Best decision ever!",1
"Totally unimpressed with the product.",0
"I love using this every day!",1
"Really poor quality.",0
"Great results every time!",1
"Very unhappy with my order.",0
"Wonderful experience overall!",1
"Not worth your money.",0
"I am amazed by how good this is.",1
"Did not work as promised.",0
"Absolutely fantastic product!",1
"Terrible service from the seller.",0
"Great features for the price!",1
"Really disappointing experience.",0
"Such a useful tool!",1
"Very frustrating product.",0
"Wonderful gift idea!",1
"Very unsatisfactory experience.",0
"I recommend this to everyone!",1
"Quality was not as expected.",0
"Impressive results!",1
"Did not live up to the expectations.",0
"Best purchase ever!",1
"Will not purchase again.",0
"Great for everyday use!",1
"Very unhappy with this product.",0
"Absolutely love it!",1
"Total waste of time and money.",0
"Fantastic experience overall!",1
"Very low value for the price.",0
"I couldn't be happier!",1
"Complete waste of money.",0
"Exceptional customer service!",1
"Would not recommend this brand.",0
"Best thing I've bought in ages!",1
"Very frustrating product to use.",0
"Wonderful quality!",1
"Completely let down by the product.",0
"Highly effective for my needs!",1
"Very low standards for quality.",0
"I can't recommend this enough!",1
"Not worth the effort.",0
"Such a fantastic deal!",1
"Very disappointing service.",0
"Absolutely wonderful!",1
"Very unhappy with the results.",0
"Great item, will buy again!",1
"Poor customer service experience.",0
"Impressive quality!",1
"Completely unsatisfied with this product.",0
"I couldn't be happier with my choice!",1
"Very disappointing experience overall.",0
"This product is amazing!",1
"Total regret purchasing this.",0
"Such a smart purchase!",1
"Very frustrating outcome.",0
"Fantastic and reliable product!",1
"Really poor quality for the price.",0
"I'd buy this again in a heartbeat!",1
"Complete disappointment.",0
"Great product, very happy!",1
"Very frustrating customer service.",0
"Best choice I've made recently!",1
"Not what I expected at all.",0
"Wonderful product for everyone!",1
"Very disappointed with the quality.",0
"I love this so much!",1
"Total waste of time and money.",0
"Exceptional features!",1
"Very poor experience overall.",0
"Highly effective for my needs!",1
"Very unhappy with the results.",0
"Fantastic experience overall!",1
"Will never buy this product again.",0
"Best quality for the price!",1
"Very low quality overall.",0
"I am so pleased with this purchase!",1
"Awful experience with this brand.",0
"Such a great investment!",1
"Very disappointing customer service.",0
"Absolutely satisfied!",1
"Will not recommend this product.",0
"Wonderful results!",1
"Did not meet my expectations.",0
"Great addition to my routine!",1
"Total waste of effort.",0
"Very effective and useful!",1
"Very poor product quality.",0
"I can't believe how great this is!",1
"Really unhappy with this purchase.",0
"Such a fantastic item!",1
"Did not live up to the hype.",0
"Exceptional and effective!",1
"Very disappointed in the service.",0
"I highly recommend this!",1
"Very frustrating overall.",0
"Fantastic quality!",1
"Will not buy this again.",0
"Best decision ever!",1
"Totally unimpressed with the product.",0
"I love using this every day!",1
"Really poor quality.",0
"Great results every time!",1
"Very unhappy with my order.",0
"Wonderful experience overall!",1
"Not worth your money.",0
"I am amazed by how good this is.",1
"Did not work as promised.",0
"Absolutely fantastic product!",1
"Terrible service from the seller.",0
"Great features for the price!",1
"Really disappointing experience.",0
"Such a useful tool!",1
"Very frustrating product.",0
"Wonderful gift idea!",1
"Very unsatisfactory experience.",0
"I recommend this to everyone!",1
"Quality was not as expected.",0
"Impressive results!",1
"Did not live up to the expectations.",0
"Best purchase ever!",1
"Will not purchase again.",0
"Great for everyday use!",1
"Very unhappy with this product.",0
"Absolutely love it!",1
"Total waste of time and money.",0
"Fantastic experience overall!",1
"Very low value for the price.",0
"I couldn't be happier!",1
"Complete waste of money.",0
"Exceptional customer service!",1
"Would not recommend this brand.",0
"Best thing I've bought in ages!",1
"Very frustrating product to use.",0
"Wonderful quality!",1
"Completely let down by the product.",0
"Highly effective for my needs!",1
"Very low standards for quality.",0
"I can't recommend this enough!",1
"Not worth the effort.",0
"Such a fantastic deal!",1
"Very disappointing service.",0
"Absolutely wonderful!",1
"Very unhappy with the results.",0
"Great item, will buy again!",1
"Poor customer service experience.",0
"Impressive quality!",1
"Completely unsatisfied with this product.",0
"I couldn't be happier with my choice!",1
"Very disappointing experience overall.",0
"This product is amazing!",1
"Total regret purchasing this.",0
"Such a smart purchase!",1
"Very frustrating outcome.",0
"Fantastic and reliable product!",1
"Really poor quality for the price.",0
"I'd buy this again in a heartbeat!",1
"Complete disappointment.",0
"Great product, very happy!",1
"Very frustrating customer service.",0
"Best choice I've made recently!",1
"Not what I expected at all.",0
"Wonderful product for everyone!",1
"Very disappointed with the quality.",0
"I love this so much!",1
"Total waste of time and money.",0
"Exceptional features!",1
"Very poor experience overall.",0
"Highly effective for my needs!",1
"Very unhappy with the results.",0
"Fantastic experience overall!",1
"Will never buy this product again.",0
"Best quality for the price!",1
"Very low quality overall.",0
"I am so pleased with this purchase!",1
"Awful experience with this brand.",0
"Such a great investment!",1
"Very disappointing customer service.",0
"Absolutely satisfied!",1
"Will not recommend this product.",0
"Wonderful results!",1
"Did not meet my expectations.",0
"Great addition to my routine!",1
"Total waste of effort.",0
"Very effective and useful!",1
"Very poor product quality.",0
"I can't believe how great this is!",1
"Really unhappy with this purchase.",0
"Such a fantastic item!",1
"Did not live up to the hype.",0
"Exceptional and effective!",1
"Very disappointed in the service.",0
"I highly recommend this!",1
"Very frustrating overall.",0
"Fantastic quality!",1
"Will not buy this again.",0
"Best decision ever!",1
"Totally unimpressed with the product.",0
"I love using this every day!",1
"Really poor quality.",0
"Great results every time!",1
"Very unhappy with my order.",0
"Wonderful experience overall!",1
"Not worth your money.",0
"I am amazed by how good this is.",1
"Did not work as promised.",0
"Absolutely fantastic product!",1
"Terrible service from the seller.",0
"Great features for the price!",1
"Really disappointing experience.",0
"Such a useful tool!",1
"Very frustrating product.",0
"Wonderful gift idea!",1
"Very unsatisfactory experience.",0
"I recommend this to everyone!",1
"Quality was not as expected.",0
"Impressive results!",1
"Did not live up to the expectations.",0
"Best purchase ever!",1
"Will not purchase again.",0
"Great for everyday use!",1
"Very unhappy with this product.",0
"Absolutely love it!",1
"Total waste of time and money.",0
"Fantastic experience overall!",1
"Very low value for the price.",0
"I couldn't be happier!",1
"Complete waste of money.",0
"Exceptional customer service!",1
"Would not recommend this brand.",0
"Best thing I've bought in ages!",1
"Very frustrating product to use.",0
"Wonderful quality!",1
"Completely let down by the product.",0
"Highly effective for my needs!",1
"Very low standards for quality.",0
"I can't recommend this enough!",1
"Not worth the effort.",0
"Such a fantastic deal!",1
"Very disappointing service.",0
"Absolutely wonderful!",1
"Very unhappy with the results.",0
"Great item, will buy again!",1
"Poor customer service experience.",0
"Impressive quality!",1
"Completely unsatisfied with this product.",0
"I couldn't be happier with my choice!",1
"Very disappointing experience overall.",0
"This product is amazing!",1
"Total regret purchasing this.",0
"Such a smart purchase!",1
"Very frustrating outcome.",0
"Fantastic and reliable product!",1
"Really poor quality for the price.",0
"I'd buy this again in a heartbeat!",1
"Complete disappointment.",0
"Great product, very happy!",1
"Very frustrating customer service.",0
"Best choice I've made recently!",1
"Not what I expected at all.",0
"Wonderful product for everyone!",1
"Very disappointed with the quality.",0
"I love this so much!",1
"Total waste of time and money.",0
"Exceptional features!",1
"Very poor experience overall.",0
"Highly effective for my needs!",1
"Very unhappy with the results.",0
"Fantastic experience overall!",1
"Will never buy this product again.",0
"Best quality for the price!",1
"Very low quality overall.",0
"I am so pleased with this purchase!",1
"Awful experience with this brand.",0
"Such a great investment!",1
"Very disappointing customer service.",0
"Absolutely satisfied!",1
"Will not recommend this product.",0
"Wonderful results!",1
"Did not meet my expectations.",0
"Great addition to my routine!",1
"Total waste of effort.",0
"Very effective and useful!",1
"Very poor product quality.",0
"I can't believe how great this is!",1
"Really unhappy with this purchase.",0
"Such a fantastic item!",1
"Did not live up to the hype.",0
"Exceptional and effective!",1
"Very disappointed in the service.",0
"I highly recommend this!",1
"Very frustrating overall.",0
"Fantastic quality!",1
"Will not buy this again.",0
"Best decision ever!",1
"Totally unimpressed with the product.",0
"I love using this every day!",1
"Really poor quality.",0
"Great results every time!",1
"Very unhappy with my order.",0
"Wonderful experience overall!",1
"Not worth your money.",0
"I am amazed by how good this is.",1
"Did not work as promised.",0
"Absolutely fantastic product!",1
"Terrible service from the seller.",0
"Great features for the price!",1
"Really disappointing experience.",0
"Such a useful tool!",1
"Very frustrating product.",0
"Wonderful gift idea!",1
"Very unsatisfactory experience.",0
"I recommend this to everyone!",1
"Quality was not as expected.",0
"Impressive results!",1
"Did not live up to the expectations.",0
"Best purchase ever!",1
"Will not purchase again.",0
"Great for everyday use!",1
"Very unhappy with this product.",0
"Absolutely love it!",1
"Total waste of time and money.",0
"Fantastic experience overall!",1
"Very low value for the price.",0
"I couldn't be happier!",1
"Complete waste of money.",0
"Exceptional customer service!",1
"Would not recommend this brand.",0
"Best thing I've bought in ages!",1
"Very frustrating product to use.",0
"Wonderful quality!",1
"Completely let down by the product.",0
"Highly effective for my needs!",1
"Very low standards for quality.",0
"I can't recommend this enough!",1
"Not worth the effort.",0
"Such a fantastic deal!",1
"Very disappointing service.",0
"Absolutely wonderful!",1
"Very unhappy with the results.",0
"Great item, will buy again!",1
"Poor customer service experience.",0
"Impressive quality!",1
"Completely unsatisfied with this product.",0
"I couldn't be happier with my choice!",1
"Very disappointing experience overall.",0
"This product is amazing!",1
"Total regret purchasing this.",0
"Such a smart purchase!",1
"Very frustrating outcome.",0
"Fantastic and reliable product!",1
"Really poor quality for the price.",0
"I'd buy this again in a heartbeat!",1
"Complete disappointment.",0
"Great product, very happy!",1
"Very frustrating customer service.",0
"Best choice I've made recently!",1
"Not what I expected at all.",0
"Wonderful product for everyone!",1
"Very disappointed with the quality.",0
"I love this so much!",1
"Total waste of time and money.",0
"Exceptional features!",1
"Very poor experience overall.",0
"Highly effective for my needs!",1
"Very unhappy with the results.",0
"Fantastic experience overall!",1
"Will never buy this product again.",0
"Best quality for the price!",1
"Very low quality overall.",0
"I am so pleased with this purchase!",1
"Awful experience with this brand.",0
"Such a great investment!",1
"Very disappointing customer service.",0
"Absolutely satisfied!",1
"Will not recommend this product.",0
"Wonderful results!",1
"Did not meet my expectations.",0
"Great addition to my routine!",1
"Total waste of effort.",0
"Very effective and useful!",1
"Very poor product quality.",0
"I can't believe how great this is!",1
"Really unhappy with this purchase.",0
"Such a fantastic item!",1
"Did not live up to the hype.",0
"Exceptional and effective!",1
"Very disappointed in the service.",0
"I highly recommend this!",1
"Very frustrating overall.",0
"Fantastic quality!",1
"Will not buy this again.",0
"Best decision ever!",1
"Totally unimpressed with the product.",0
"I love using this every day!",1
"Really poor quality.",0
"Great results every time!",1
"Very unhappy with my order.",0
"Wonderful experience overall.",1
"Not worth your money.",0
"I am amazed by how good this is.",1
"Did not work as promised.",0
"Absolutely fantastic product!",1
"Terrible service from the seller.",0
"Great features for the price!",1
"Really disappointing experience.",0
"Such a useful tool!",1
"Very frustrating product.",0
"Wonderful gift idea!",1
"Very unsatisfactory experience.",0
"I recommend this to everyone!",1
"Quality was not as expected.",0
"Impressive results!",1
"Did not live up to the expectations.",0
"Best purchase ever!",1
"Will not purchase again.",0
"Great for everyday use!",1
"Very unhappy with this product.",0
"Absolutely love it!",1
"Total waste of time and money.",0
"Fantastic experience overall!",1
"Very low value for the price.",0
"I couldn't be happier!",1
"Complete waste of money.",0
"Exceptional customer service!",1
"Would not recommend this brand.",0
"Best thing I've bought in ages!",1
"Very frustrating product to use.",0
"Wonderful quality!",1
"Completely let down by the product.",0
"Highly effective for my needs!",1
"Very low standards for quality.",0
"I can't recommend this enough!",1
"Not worth the effort.",0
"Such a fantastic deal!",1
"Very disappointing service.",0
"Absolutely wonderful!",1
"Very unhappy with the results.",0
"Great item, will buy again!",1
"Poor customer service experience.",0
"Impressive quality!",1
"Completely unsatisfied with this product.",0
"I couldn't be happier with my choice!",1
"Very disappointing experience overall.",0
"This product is amazing!",1
"Total regret purchasing this.",0
"Such a smart purchase!",1
"Very frustrating outcome.",0
"Fantastic and reliable product!",1
"Really poor quality for the price.",0
"I'd buy this again in a heartbeat!",1
"Complete disappointment.",0
"Great product, very happy!",1
"Very frustrating customer service.",0
"Best choice I've made recently!",1
"Not what I expected at all.",0
"Wonderful product for everyone!",1
"Very disappointed with the quality.",0
"I love this so much!",1
"Total waste of time and money.",0
"Exceptional features!",1
"Very poor experience overall.",0
"Highly effective for my needs!",1
"Very unhappy with the results.",0
"Fantastic experience overall!",1
"Will never buy this product again.",0
"Best quality for the price!",1
"Very low quality overall.",0
"I am so pleased with this purchase!",1
"Awful experience with this brand.",0
"Such a great investment!",1
"Very disappointing customer service.",0
"Absolutely satisfied!",1
"Will not recommend this product.",0
"Wonderful results!",1
"Did not meet my expectations.",0
"Great addition to my routine!",1
"Total waste of effort.",0
"Very effective and useful!",1
"Very poor product quality.",0
"I can't believe how great this is!",1
"Really unhappy with this purchase.",0
"Such a fantastic item!",1
"Did not live up to the hype.",0
"Exceptional and effective!",1
"Very disappointed in the service.",0
"I highly recommend this!",1
"Very frustrating overall.",0
"Fantastic quality!",1
"Will not buy this again.",0
"Best decision ever!",1
"Totally unimpressed with the product.",0
"I love using this every day!",1
"Really poor quality.",0
"Great results every time!",1
"Very unhappy with my order.",0
"Wonderful experience overall.",1
"Not worth your money.",0
"I am amazed by how good this is.",1
"Did not work as promised.",0
"Absolutely fantastic product!",1
"Terrible service from the seller.",0
"Great features for the price!",1
"Really disappointing experience.",0
"Such a useful tool!",1
"Very frustrating product.",0
"Wonderful gift idea!",1
"Very unsatisfactory experience.",0
"I recommend this to everyone!",1
"Quality was not as expected.",0
"Impressive results!",1
"Did not live up to the expectations.",0
"Best purchase ever!",1
"Will not purchase again.",0
"Great for everyday use!",1
"Very unhappy with this product.",0
"Absolutely love it!",1
"Total waste of time and money.",0
"Fantastic experience overall!",1
"Very low value for the price.",0
"I couldn't be happier!",1
"Complete waste of money.",0
"Exceptional customer service!",1
"Would not recommend this brand.",0
"Best thing I've bought in ages!",1
"Very frustrating product to use.",0
"Wonderful quality!",1
"Completely let down by the product.",0
"Highly effective for my needs!",1
"Very low standards for quality.",0
"I can't recommend this enough!",1
"Not worth the effort.",0
"Such a fantastic deal!",1
"Very disappointing service.",0
"Absolutely wonderful!",1
"Very unhappy with the results.",0
"Great item, will buy again!",1
"Poor customer service experience.",0
"Impressive quality!",1
"Completely unsatisfied with this product.",0
"I couldn't be happier with my choice!",1
"Very disappointing experience overall.",0
"This product is amazing!",1
"Total regret purchasing this.",0
"Such a smart purchase!",1
"Very frustrating outcome.",0
"Fantastic and reliable product!",1
"Really poor quality for the price.",0
"I'd buy this again in a heartbeat!",1
"Complete disappointment.",0
"Great product, very happy!",1
"Very frustrating customer service.",0
"Best choice I've made recently!",1
"Not what I expected at all.",0
"Wonderful product for everyone!",1
"Very disappointed with the quality.",0
"I love this so much!",1
"Total waste of time and money.",0
"Exceptional features!",1
"Very poor experience overall.",0
"Highly effective for my needs!",1
"Very unhappy with the results.",0
"Fantastic experience overall!",1
"Will never buy this product again.",0
"Best quality for the price!",1
"Very low quality overall.",0
"I am so pleased with this purchase!",1
"Awful experience with this brand.",0
"Such a great investment!",1
"Very disappointing customer service.",0
"Absolutely satisfied!",1
"Will not recommend this product.",0
"Wonderful results!",1
"Did not meet my expectations.",0
"Great addition to my routine!",1
"Total waste of effort.",0
"Very effective and useful!",1
"Very poor product quality.",0
"I can't believe how great this is!",1
"Really unhappy with this purchase.",0
"Such a fantastic item!",1
"Did not live up to the hype.",0
"Exceptional and effective!",1
"Very disappointed in the service.",0
"I highly recommend this!",1
"Very frustrating overall.",0
"Fantastic quality!",1
"Will not buy this again.",0
"Best decision ever!",1
"Totally unimpressed with the product.",0
"I love using this every day!",1
"Really poor quality.",0
"Great results every time!",1
"Very unhappy with my order.",0
"Wonderful experience overall!",1
"Not worth your money.",0
"I am amazed by how good this is.",1
"Did not work as promised.",0
"Absolutely fantastic product!",1
"Terrible service from the seller.",0
"Great features for the price!",1
"Really disappointing experience.",0
"Such a useful tool!",1
"Very frustrating product.",0
"Wonderful gift idea!",1
"Very unsatisfactory experience.",0
"I recommend this to everyone!",1
"Quality was not as expected.",0
"Impressive results!",1
"Did not live up to the expectations.",0
"Best purchase ever!",1
"Will not purchase again.",0
"Great for everyday use!",1
"Very unhappy with this product.",0
"Absolutely love it!",1
"Total waste of time and money.",0
"Fantastic experience overall!",1
"Very low value for the price.",0
"I couldn't be happier!",1
"Complete waste of money.",0
"Exceptional customer service!",1
"Would not recommend this brand.",0
"Best thing I've bought in ages!",1
"Very frustrating product to use.",0
"Wonderful quality!",1
"Completely let down by the product.",0
"Highly effective for my needs!",1
"Very low standards for quality.",0
"I can't recommend this enough!",1
"Not worth the effort.",0
"Such a fantastic deal!",1
"Very disappointing service.",0
"Absolutely wonderful!",1
"Very unhappy with the results.",0
"Great item, will buy again!",1
"Poor customer service experience.",0
"Impressive quality!",1
"Completely unsatisfied with this product.",0
"I couldn't be happier with my choice!",1
"Very disappointing experience overall.",0
"This product is amazing!",1
"Total regret purchasing this.",0
"Such a smart purchase!",1
"Very frustrating outcome.",0
"Fantastic and reliable product!",1
"Really poor quality for the price.",0
"I'd buy this again in a heartbeat!",1
"Complete disappointment.",0
"Great product, very happy!",1
"Very frustrating customer service.",0
"Best choice I've made recently!",1
"Not what I expected at all.",0
"Wonderful product for everyone!",1
"Very disappointed with the quality.",0
"I love this so much!",1
"Total waste of time and money.",0
"Exceptional features!",1
"Very poor experience overall.",0
"Highly effective for my needs!",1
"Very unhappy with the results.",0
"Fantastic experience overall!",1
"Will never buy this product again.",0
"Best quality for the price!",1
"Very low quality overall.",0
"I am so pleased with this purchase!",1
"Awful experience with this brand.",0
"Such a great investment!",1
"Very disappointing customer service.",0
"Absolutely satisfied!",1
"Will not recommend this product.",0
"Wonderful results!",1
"Did not meet my expectations.",0
"Great addition to my routine!",1
"Total waste of effort.",0
"Very effective and useful!",1
"Very poor product quality.",0
"I can't believe how great this is!",1
"Really unhappy with this purchase.",0
"Such a fantastic item!",1
"Did not live up to the hype.",0
"Exceptional and effective!",1
"Very disappointed in the service.",0
"I highly recommend this!",1
"Very frustrating overall.",0
"Fantastic quality!",1
"Will not buy this again.",0
"Best decision ever!",1
"Totally unimpressed with the product.",0
"I love using this every day!",1
"Really poor quality.",0
"Great results every time!",1
"Very unhappy with my order.",0
"Wonderful experience overall!",1
"Not worth your money.",0
"I am amazed by how good this is.",1
"Did not work as promised.",0
"Absolutely fantastic product!",1
"Terrible service from the seller.",0
"Great features for the price!",1
"Really disappointing experience.",0
"Such a useful tool!",1
"Very frustrating product.",0
"Wonderful gift idea!",1
"Very unsatisfactory experience.",0
"I recommend this to everyone!",1
"Quality was not as expected.",0
"Impressive results!",1
"Did not live up to the expectations.",0
"Best purchase ever!",1
"Will not purchase again.",0
"Great for everyday use!",1
"Very unhappy with this product.",0
"Absolutely love it!",1
"Total waste of time and money.",0
"Fantastic experience overall!",1
"Very low value for the price.",0
"I couldn't be happier!",1
"Complete waste of money.",0
"Exceptional customer service!",1
"Would not recommend this brand.",0
"Best thing I've bought in ages!",1
"Very frustrating product to use.",0
"Wonderful quality!",1
"Completely let down by the product.",0
"Highly effective for my needs!",1
"Very low standards for quality.",0
"I can't recommend this enough!",1
"Not worth the effort.",0
"Such a fantastic deal!",1
"Very disappointing service.",0
"Absolutely wonderful!",1
"Very unhappy with the results.",0
"Great item, will buy again!",1
"Poor customer service experience.",0
"Impressive quality!",1
"Completely unsatisfied with this product.",0
"I couldn't be happier with my choice!",1
"Very disappointing experience overall.",0
"This product is amazing!",1
"Total regret purchasing this.",0
"Such a smart purchase!",1
"Very frustrating outcome.",0
"Fantastic and reliable product!",1
"Really poor quality for the price.",0
"I'd buy this again in a heartbeat!",1
"Complete disappointment.",0
"Great product, very happy!",1
"Very frustrating customer service.",0
"Best choice I've made recently!",1
"Not what I expected at all.",0
"Wonderful product for everyone!",1
"Very disappointed with the quality.",0
"I love this so much!",1
"Total waste of time and money.",0
"Exceptional features!",1
"Very poor experience overall.",0
"Highly effective for my needs!",1
"Very unhappy with the results.",0
"Fantastic experience overall!",1
"Will never buy this product again.",0
"Best quality for the price!",1
"Very low quality overall.",0
"I am so pleased with this purchase!",1
"Awful experience with this brand.",0
"Such a great investment!",1
"Very disappointing customer service.",0
"Absolutely satisfied!",1
"Will not recommend this product.",0
"Wonderful results!",1
"Did not meet my expectations.",0
"Great addition to my routine!",1
"Total waste of effort.",0
"Very effective and useful!",1
"Very poor product quality.",0
"I can't believe how great this is!",1
"Really unhappy with this purchase.",0
"Such a fantastic item!",1
"Did not live up to the hype.",0
"Exceptional and effective!",1
"Very disappointed in the service.",0
"I highly recommend this!",1
"Very frustrating overall.",0
"Fantastic quality!",1
"Will not buy this again.",0
"Best decision ever!",1
"Totally unimpressed with the product.",0
"I love using this every day!",1
"Really poor quality.",0
"Great results every time!",1
"Very unhappy with my order.",0
"Wonderful experience overall!",1
"Not worth your money.",0
"I am amazed by how good this is.",1
"Did not work as promised.",0
"Absolutely fantastic product!",1
"Terrible service from the seller.",0
"Great features for the price!",1
"Really disappointing experience.",0
"Such a useful tool!",1
"Very frustrating product.",0
"Wonderful gift idea!",1
"Very unsatisfactory experience.",0
"I recommend this to everyone!",1
"Quality was not as expected.",0
"Impressive results!",1
"Did not live up to the expectations.",0
"Best purchase ever!",1
"Will not purchase again.",0
"Great for everyday use!",1
"Very unhappy with this product.",0
"Absolutely love it!",1
"Total waste of time and money.",0
"Fantastic experience overall!",1
"Very low value for the price.",0
"I couldn't be happier!",1
"Complete waste of money.",0
"Exceptional customer service!",1
"Would not recommend this brand.",0
"Best thing I've bought in ages!",1
"Very frustrating product to use.",0
"Wonderful quality!",1
"Completely let down by the product.",0
"Highly effective for my needs!",1
"Very low standards for quality.",0
"I can't recommend this enough!",1
"Not worth the effort.",0
"Such a fantastic deal!",1
"Very disappointing service.",0
"Absolutely wonderful!",1
"Very unhappy with the results.",0
"Great item, will buy again!",1
"Poor customer service experience.",0
"Impressive quality!",1
"Completely unsatisfied with this product.",0
"I couldn't be happier with my choice!",1
"Very disappointing experience overall.",0
"This product is amazing!",1
"Total regret purchasing this.",0
"Such a smart purchase!",1
"Very frustrating outcome.",0
"Fantastic and reliable product!",1
"Really poor quality for the price.",0
"I'd buy this again in a heartbeat!",1
"Complete disappointment.",0
"Great product, very happy!",1
"Very frustrating customer service.",0
"Best choice I've made recently!",1
"Not what I expected at all.",0
"Wonderful product for everyone!",1
"Very disappointed with the quality.",0
"I love this so much!",1
"Total waste of time and money.",0
"Exceptional features!",1
"Very poor experience overall.",0
"Highly effective for my needs!",1
"Very unhappy with the results.",0
"Fantastic experience overall!",1
"Will never buy this product again.",0
"Best quality for the price!",1
"Very low quality overall.",0
"I am so pleased with this purchase!",1
"Awful experience with this brand.",0
"Such a great investment!",1
"Very disappointing customer service.",0
"Absolutely satisfied!",1
"Will not recommend this product.",0
"Wonderful results!",1
"Did not meet my expectations.",0
"Great addition to my routine!",1
"Total waste of effort.",0
"Very effective and useful!",1
"Very poor product quality.",0
"I can't believe how great this is!",1
"Really unhappy with this purchase.",0
"Such a fantastic item!",1
"Did not live up to the hype.",0
"Exceptional and effective!",1
"Very disappointed in the service.",0
"I highly recommend this!",1
"Very frustrating overall.",0
"Fantastic quality!",1
"Will not buy this again.",0
"Best decision ever!",1
"Totally unimpressed with the product.",0
"I love using this every day!",1
"Really poor quality.",0
"Great results every time!",1
"Very unhappy with my order.",0
"Wonderful experience overall.",1
"Not worth your money.",0
"I am amazed by how good this is.",1
"Did not work as promised.",0
"Absolutely fantastic product!",1
"Terrible service from the seller.",0
"Great features for the price!",1
"Really disappointing experience.",0
"Such a useful tool!",1
"Very frustrating product.",0
"Wonderful gift idea!",1
"Very unsatisfactory experience.",0
"I recommend this to everyone!",1
"Quality was not as expected.",0
"Impressive results!",1
"Did not live up to the expectations.",0
"Best purchase ever!",1
"Will not purchase again.",0
"Great for everyday use!",1
"Very unhappy with this product.",0
"Absolutely love it!",1
"Total waste of time and money.",0
"Fantastic experience overall!",1
"Very low value for the price.",0
"I couldn't be happier!",1
"Complete waste of money.",0
"Exceptional customer service!",1
"Would not recommend this brand.",0
"Best thing I've bought in ages!",1
"Very frustrating product to use.",0
"Wonderful quality!",1
"Completely let down by the product.",0
"Highly effective for my needs!",1
"Very low standards for quality.",0
"I can't recommend this enough!",1
"Not worth the effort.",0
"Such a fantastic deal!",1
"Very disappointing service.",0
"Absolutely wonderful!",1
"Very unhappy with the results.",0
"Great item, will buy again!",1
"Poor customer service experience.",0
"Impressive quality!",1
"Completely unsatisfied with this product.",0
"I couldn't be happier with my choice!",1
"Very disappointing experience overall.",0
"This product is amazing!",1
"Total regret purchasing this.",0
"Such a smart purchase!",1
"Very frustrating outcome.",0
"Fantastic and reliable product!",1
"Really poor quality for the price.",0
"I'd buy this again in a heartbeat!",1
"Complete disappointment.",0
"Great product, very happy!",1
"Very frustrating customer service.",0
"Best choice I've made recently!",1
"Not what I expected at all.",0
"Wonderful product for everyone!",1
"Very disappointed with the quality.",0
"I love this so much!",1
"Total waste of time and money.",0
"Exceptional features!",1
"Very poor experience overall.",0
"Highly effective for my needs!",1
"Very unhappy with the results.",0
"Fantastic experience overall!",1
"Will never buy this product again.",0
"Best quality for the price!",1
"Very low quality overall.",0
"I am so pleased with this purchase!",1
"Awful experience with this brand.",0
"Such a great investment!",1
"Very disappointing customer service.",0
"Absolutely satisfied!",1
"Will not recommend this product.",0
"Wonderful results!",1
"Did not meet my expectations.",0
"Great addition to my routine!",1
"Total waste of effort.",0
"Very effective and useful!",1
"Very poor product quality.",0
"I can't believe how great this is!",1
"Really unhappy with this purchase.",0
"Such a fantastic item!",1
"Did not live up to the hype.",0
"Exceptional and effective!",1
"Very disappointed in the service.",0
"I highly recommend this!",1
"Very frustrating overall.",0
"Fantastic quality!",1
"Will not buy this again.",0
"Best decision ever!",1
"Totally unimpressed with the product.",0
"I love using this every day!",1
"Really poor quality.",0
"Great results every time!",1
"Very unhappy with my order.",0
"Wonderful experience overall.",1
"Not worth your money.",0
"I am amazed by how good this is.",1
"Did not work as promised.",0
"Absolutely fantastic product!",1
"Terrible service from the seller.",0
"Great features for the price!",1
"Really disappointing experience.",0
"Such a useful tool!",1
"Very frustrating product.",0
"Wonderful gift idea!",1
"Very unsatisfactory experience.",0
"I recommend this to everyone!",1
"Quality was not as expected.",0
"Impressive results!",1
"Did not live up to the expectations.",0
"Best purchase ever!",1
"Will not purchase again.",0
"Great for everyday use!",1
"Very unhappy with this product.",0
"Absolutely love it!",1
"Total waste of time and money.",0
"Fantastic experience overall!",1
"Very low value for the price.",0
"I couldn't be happier!",1
"Complete waste of money.",0
"Exceptional customer service!",1
"Would not recommend this brand.",0
"Best thing I've bought in ages!",1
"Very frustrating product to use.",0
"Wonderful quality!",1
"Completely let down by the product.",0
"Highly effective for my needs!",1
"Very low standards for quality.",0
"I can't recommend this enough!",1
"Not worth the effort.",0
"Such a fantastic deal!",1
"Very disappointing service.",0
"Absolutely wonderful!",1
"Very unhappy with the results.",0
"Great item, will buy again!",1
"Poor customer service experience.",0
"Impressive quality!",1
"Completely unsatisfied with this product.",0
"I couldn't be happier with my choice!",1
"Very disappointing experience overall.",0
"This product is amazing!",1
"Total regret purchasing this.",0
"Such a smart purchase!",1
"Very frustrating outcome.",0
"Fantastic and reliable product!",1
"Really poor quality for the price.",0
"I'd buy this again in a heartbeat!",1
"Complete disappointment.",0
"Great product, very happy!",1
"Very frustrating customer service.",0
"Best choice I've made recently!",1
"Not what I expected at all.",0
"Wonderful product for everyone!",1
"Very disappointed with the quality.",0
"I love this so much!",1
"Total waste of time and money.",0
"Exceptional features!",1
"Very poor experience overall.",0
"Highly effective for my needs!",1
"Very unhappy with the results.",0
"Fantastic experience overall!",1
"Will never buy this product again.",0
"Best quality for the price!",1
"Very low quality overall.",0
"I am so pleased with this purchase!",1
"Awful experience with this brand.",0
"Such a great investment!",1
"Very disappointing customer service.",0
"Absolutely satisfied!",1
"Will not recommend this product.",0
"Wonderful results!",1
"Did not meet my expectations.",0
"Great addition to my routine!",1
"Total waste of effort.",0
"Very effective and useful!",1
"Very poor product quality.",0
"I can't believe how great this is!",1
"Really unhappy with this purchase.",0
"Such a fantastic item!",1
"Did not live up to the hype.",0
"Exceptional and effective!",1
"Very disappointed in the service.",0
"I highly recommend this!",1
"Very frustrating overall.",0
"Fantastic quality!",1
"Will not buy this again.",0
"Best decision ever!",1
"Totally unimpressed with the product.",0
"I love using this every day!",1
"Really poor quality.",0
"Great results every time!",1
"Very unhappy with my order.",0
"Wonderful experience overall!",1
"Not worth your money.",0
"I am amazed by how good this is.",1
"Did not work as promised.",0
"Absolutely fantastic product!",1
"Terrible service from the seller.",0
"Great features for the price!",1
"Really disappointing experience.",0
"Such a useful tool!",1
"Very frustrating product.",0
"Wonderful gift idea!",1
"Very unsatisfactory experience.",0
"I recommend this to everyone!",1
"Quality was not as expected.",0
"Impressive results!",1
"Did not live up to the expectations.",0
"Best purchase ever!",1
"Will not purchase again.",0
"Great for everyday use!",1
"Very unhappy with this product.",0
"Absolutely love it!",1
"Total waste of time and money.",0
"Fantastic experience overall!",1
"Very low value for the price.",0
"I couldn't be happier!",1
"Complete waste of money.",0
"Exceptional customer service!",1
"Would not recommend this brand.",0
"Best thing I've bought in ages!",1
"Very frustrating product to use.",0
"Wonderful quality!",1
"Completely let down by the product.",0
"Highly effective for my needs!",1
"Very low standards for quality.",0
"I can't recommend this enough!",1
"Not worth the effort.",0
"Such a fantastic deal!",1
"Very disappointing service.",0
"Absolutely wonderful!",1
"Very unhappy with the results.",0
"Great item, will buy again!",1
"Poor customer service experience.",0
"Impressive quality!",1
"Completely unsatisfied with this product.",0
"I couldn't be happier with my choice!",1
"Very disappointing experience overall.",0
"This product is amazing!",1
"Total regret purchasing this.",0
"Such a smart purchase!",1
"Very frustrating outcome.",0
"Fantastic and reliable product!",1
"Really poor quality for the price.",0
"I'd buy this again in a heartbeat!",1
"Complete disappointment.",0
"Great product, very happy!",1
"Very frustrating customer service.",0
"Best choice I've made recently!",1
"Not what I expected at all.",0
"Wonderful product for everyone!",1
"Very disappointed with the quality.",0
"I love this so much!",1
"Total waste of time and money.",0
"Exceptional features!",1
"Very poor experience overall.",0
"Highly effective for my needs!",1
"Very unhappy with the results.",0
"Fantastic experience overall!",1
"Will never buy this product again.",0
"Best quality for the price!",1
"Very low quality overall.",0
"I am so pleased with this purchase!",1
"Awful experience with this brand.",0
"Such a great investment!",1
"Very disappointing customer service.",0
"Absolutely satisfied!",1
"Will not recommend this product.",0
"Wonderful results!",1
"Did not meet my expectations.",0
"Great addition to my routine!",1
"Total waste of effort.",0
"Very effective and useful!",1
"Very poor product quality.",0
"I can't believe how great this is!",1
"Really unhappy with this purchase.",0
"Such a fantastic item!",1
"Did not live up to the hype.",0
"Exceptional and effective!",1
"Very disappointed in the service.",0
"I highly recommend this!",1
"Very frustrating overall.",0
"Fantastic quality!",1
"Will not buy this again.",0
"Best decision ever!",1
"Totally unimpressed with the product.",0
"I love using this every day!",1
"Really poor quality.",0
"Great results every time!",1
"Very unhappy with my order.",0
"Wonderful experience overall!",1
"Not worth your money.",0
"I am amazed by how good this is.",1
"Did not work as promised.",0
"Absolutely fantastic product!",1
"Terrible service from the seller.",0
"Great features for the price!",1
"Really disappointing experience.",0
"Such a useful tool!",1
"Very frustrating product.",0
"Wonderful gift idea!",1
"Very unsatisfactory experience.",0
"I recommend this to everyone!",1
"Quality was not as expected.",0
"Impressive results!",1
"Did not live up to the expectations.",0
"Best purchase ever!",1
"Will not purchase again.",0
"Great for everyday use!",1
"Very unhappy with this product.",0
"Absolutely love it!",1
"Total waste of time and money.",0
"Fantastic experience overall!",1
"Very low value for the price.",0
"I couldn't be happier!",1
"Complete waste of money.",0
"Exceptional customer service!",1
"Would not recommend this brand.",0
"Best thing I've bought in ages!",1
"Very frustrating product to use.",0
"Wonderful quality!",1
"Completely let down by the product.",0
"Highly effective for my needs!",1
"Very low standards for quality.",0
"I can't recommend this enough!",1
"Not worth the effort.",0
"Such a fantastic deal!",1
"Very disappointing service.",0
"Absolutely wonderful!",1
"Very unhappy with the results.",0
"Great item, will buy again!",1
"Poor customer service experience.",0
"Impressive quality!",1
"Completely unsatisfied with this product.",0
"I couldn't be happier with my choice!",1
"Very disappointing experience overall.",0
"This product is amazing!",1
"Total regret purchasing this.",0
"Such a smart purchase!",1
"Very frustrating outcome.",0
"Fantastic and reliable product!",1
"Really poor quality for the price.",0
"I'd buy this again in a heartbeat!",1
"Complete disappointment.",0
"Great product, very happy!",1
"Very frustrating customer service.",0
"Best choice I've made recently!",1
"Not what I expected at all.",0
"Wonderful product for everyone!",1
"Very disappointed with the quality.",0
"I love this so much!",1
"Total waste of time and money.",0
"Exceptional features!",1
"Very poor experience overall.",0
"Highly effective for my needs!",1
"Very unhappy with the results.",0
"Fantastic experience overall!",1
"Will never buy this product again.",0
"Best quality for the price!",1
"Very low quality overall.",0
"I am so pleased with this purchase!",1
"Awful experience with this brand.",0
"Such a great investment!",1
"Very disappointing customer service.",0
"Absolutely satisfied!",1
"Will not recommend this product.",0
"Wonderful results!",1
"Did not meet my expectations.",0
"Great addition to my routine!",1
"Total waste of effort.",0
"Very effective and useful!",1
"Very poor product quality.",0
"I can't believe how great this is!",1
"Really unhappy with this purchase.",0
"Such a fantastic item!",1
"Did not live up to the hype.",0
"Exceptional and effective!",1
"Very disappointed in the service.",0
"I highly recommend this!",1
"Very frustrating overall.",0
"Fantastic quality!",1
"Will not buy this again.",0
"Best decision ever!",1
"Totally unimpressed with the product.",0
"I love using this every day!",1
"Really poor quality.",0
"Great results every time!",1
"Very unhappy with my order.",0
"Wonderful experience overall!",1
"Not worth your money.",0
"I am amazed by how good this is.",1
"Did not work as promised.",0
"Absolutely fantastic product!",1
"Terrible service from the seller.",0
"Great features for the price!",1
"Really disappointing experience.",0
"Such a useful tool!",1
"Very frustrating product.",0
"Wonderful gift idea!",1
"Very unsatisfactory experience.",0
"I recommend this to everyone!",1
"Quality was not as expected.",0
"Impressive results!",1
"Did not live up to the expectations.",0
"Best purchase ever!",1
"Will not purchase again.",0
"Great for everyday use!",1
"Very unhappy with this product.",0
"Absolutely love it!",1
"Total waste of time and money.",0
"Fantastic experience overall!",1
"Very low value for the price.",0
"I couldn't be happier!",1
"Complete waste of money.",0
"Exceptional customer service!",1
"Would not recommend this brand.",0
"Best thing I've bought in ages!",1
"Very frustrating product to use.",0
"Wonderful quality!",1
"Completely let down by the product.",0
"Highly effective for my needs!",1
"Very low standards for quality.",0
"I can't recommend this enough!",1
"Not worth the effort.",0
"Such a fantastic deal!",1
"Very disappointing service.",0
"Absolutely wonderful!",1
"Very unhappy with the results.",0
"Great item, will buy again!",1
"Poor customer service experience.",0
"Impressive quality!",1
"Completely unsatisfied with this product.",0
"I couldn't be happier with my choice!",1
"Very disappointing experience overall.",0
"This product is amazing!",1
"Total regret purchasing this.",0
"Such a smart purchase!",1
"Very frustrating outcome.",0
"Fantastic and reliable product!",1
"Really poor quality for the price.",0
"I'd buy this again in a heartbeat!",1
"Complete disappointment.",0
"Great product, very happy!",1
"Very frustrating customer service.",0
"Best choice I've made recently!",1
"Not what I expected at all.",0
"Wonderful product for everyone!",1
"Very disappointed with the quality.",0
"I love this so much!",1
"Total waste of time and money.",0
"Exceptional features!",1
"Very poor experience overall.",0
"Highly effective for my needs!",1
"Very unhappy with the results.",0
"Fantastic experience overall!",1
"Will never buy this product again.",0
"Best quality for the price!",1
"Very low quality overall.",0
"I am so pleased with this purchase!",1
"Awful experience with this brand.",0
"Such a great investment!",1
"Very disappointing customer service.",0
"Absolutely satisfied!",1
"Will not recommend this product.",0
"Wonderful results!",1
"Did not meet my expectations.",0
"Great addition to my routine!",1
"Total waste of effort.",0
"Very effective and useful!",1
"Very poor product quality.",0
"I can't believe how great this is!",1
"Really unhappy with this purchase.",0
"Such a fantastic item!",1
"Did not live up to the hype.",0
"Exceptional and effective!",1
"Very disappointed in the service.",0
"I highly recommend this!",1
"Very frustrating overall.",0
"Fantastic quality!",1
"Will not buy this again.",0
"Best decision ever!",1
"Totally unimpressed with the product.",0
"I love using this every day!",1
"Really poor quality.",0
"Great results every time!",1
"Very unhappy with my order.",0
"Wonderful experience overall.",1
"Not worth your money.",0
"I am amazed by how good this is.",1
"Did not work as promised.",0
"Absolutely fantastic product!",1
"Terrible service from the seller.",0
"Great features for the price!",1
"Really disappointing experience.",0
"Such a useful tool!",1
"Very frustrating product.",0
"Wonderful gift idea!",1
"Very unsatisfactory experience.",0
"I recommend this to everyone!",1
"Quality was not as expected.",0
"Impressive results!",1
"Did not live up to the expectations.",0
"Best purchase ever!",1
"Will not purchase again.",0
"Great for everyday use!",1
"Very unhappy with this product.",0
"Absolutely love it!",1
"Total waste of time and money.",0
"Fantastic experience overall!",1
"Very low value for the price.",0
"I couldn't be happier!",1
"Complete waste of money.",0
"Exceptional customer service!",1
"Would not recommend this brand.",0
"Best thing I've bought in ages!",1
"Very frustrating product to use.",0
"Wonderful quality!",1
"Completely let down by the product.",0
"Highly effective for my needs!",1
"Very low standards for quality.",0
"I can't recommend this enough!",1
"Not worth the effort.",0
"Such a fantastic deal!",1
"Very disappointing service.",0
"Absolutely wonderful!",1
"Very unhappy with the results.",0
"Great item, will buy again!",1
"Poor customer service experience.",0
"Impressive quality!",1
"Completely unsatisfied with this product.",0
"I couldn't be happier with my choice!",1
"Very disappointing experience overall.",0
"This product is amazing!",1
"Total regret purchasing this.",0
"Such a smart purchase!",1
"Very frustrating outcome.",0
"Fantastic and reliable product!",1
"Really poor quality for the price.",0
"I'd buy this again in a heartbeat!",1
"Complete disappointment.",0
"Great product, very happy!",1
"Very frustrating customer service.",0
"Best choice I've made recently!",1
"Not what I expected at all.",0
"Wonderful product for everyone!",1
"Very disappointed with the quality.",0
"I love this so much!",1
"Total waste of time and money.",0
"Exceptional features!",1
"Very poor experience overall.",0
"Highly effective for my needs!",1
"Very unhappy with the results.",0
"Fantastic experience overall!",1
"Will never buy this product again.",0
"Best quality for the price!",1
"Very low quality overall.",0
"I am so pleased with this purchase!",1
"Awful experience with this brand.",0
"Such a great investment!",1
"Very disappointing customer service.",0
"Absolutely satisfied!",1
"Will not recommend this product.",0
"Wonderful results!",1
"Did not meet my expectations.",0
"Great addition to my routine!",1
"Total waste of effort.",0
"Very effective and useful!",1
"Very poor product quality.",0
"I can't believe how great this is!",1
"Really unhappy with this purchase.",0
"Such a fantastic item!",1
"Did not live up to the hype.",0
"Exceptional and effective!",1
"Very disappointed in the service.",0
"I highly recommend this!",1
"Very frustrating overall.",0
"Fantastic quality!",1
"Will not buy this again.",0
"Best decision ever!",1
"Totally unimpressed with the product.",0
"I love using this every day!",1
"Really poor quality.",0
"Great results every time!",1
"Very unhappy with my order.",0
"Wonderful experience overall.",1
"Not worth your money.",0
"I am amazed by how good this is.",1
"Did not work as promised.",0
"Absolutely fantastic product!",1
"Terrible service from the seller.",0
"Great features for the price!",1
"Really disappointing experience.",0
"Such a useful tool!",1
"Very frustrating product.",0
"Wonderful gift idea!",1
"Very unsatisfactory experience.",0
"I recommend this to everyone!",1
"Quality was not as expected.",0
"Impressive results!",1
"Did not live up to the expectations.",0
"Best purchase ever!",1
"Will not purchase again.",0
"Great for everyday use!",1
"Very unhappy with this product.",0
"Absolutely love it!",1
"Total waste of time and money.",0
"Fantastic experience overall!",1
"Very low value for the price.",0
"I couldn't be happier!",1
"Complete waste of money.",0
"Exceptional customer service!",1
"Would not recommend this brand.",0
"Best thing I've bought in ages!",1
"Very frustrating product to use.",0
"Wonderful quality!",1
"Completely let down by the product.",0
"Highly effective for my needs!",1
"Very low standards for quality.",0
"I can't recommend this enough!",1
"Not worth the effort.",0
"Such a fantastic deal!",1
"Very disappointing service.",0
"Absolutely wonderful!",1
"Very unhappy with the results.",0
"Great item, will buy again!",1
"Poor customer service experience.",0
"Impressive quality!",1
"Completely unsatisfied with this product.",0
"I couldn't be happier with my choice!",1
"Very disappointing experience overall.",0
"This product is amazing!",1
"Total regret purchasing this.",0
"Such a smart purchase!",1
"Very frustrating outcome.",0
"Fantastic and reliable product!",1
"Really poor quality for the price.",0
"I'd buy this again in a heartbeat!",1
"Complete disappointment.",0
"Great product, very happy!",1
"Very frustrating customer service.",0
"Best choice I've made recently!",1
"Not what I expected at all.",0
"Wonderful product for everyone!",1
"Very disappointed with the quality.",0
"I love this so much!",1
"Total waste of time and money.",0
"Exceptional features!",1
"Very poor experience overall.",0
"Highly effective for my needs!",1
"Very unhappy with the results.",0
"Fantastic experience overall!",1
"Will never buy this product again.",0
"Best quality for the price!",1
"Very low quality overall.",0
"I am so pleased with this purchase!",1
"Awful experience with this brand.",0
"Such a great investment!",1
"Very disappointing customer service.",0
"Absolutely satisfied!",1
"Will not recommend this product.",0
"Wonderful results!",1
"Did not meet my expectations.",0
"Great addition to my routine!",1
"Total waste of effort.",0
"Very effective and useful!",1
"Very poor product quality.",0
"I can't believe how great this is!",1
"Really unhappy with this purchase.",0
"Such a fantastic item!",1
"Did not live up to the hype.",0
"Exceptional and effective!",1
"Very disappointed in the service.",0
"I highly recommend this!",1
"Very frustrating overall.",0
"Fantastic quality!",1
"Will not buy this again.",0
"Best decision ever!",1
"Totally unimpressed with the product.",0
"I love using this every day!",1
"Really poor quality.",0
"Great results every time!",1
"Very unhappy with my order.",0
"Wonderful experience overall!",1
"Not worth your money.",0
"I am amazed by how good this is.",1
"Did not work as promised.",0
"Absolutely fantastic product!",1
"Terrible service from the seller.",0
"Great features for the price!",1
"Really disappointing experience.",0
"Such a useful tool!",1
"Very frustrating product.",0
"Wonderful gift idea!",1
"Very unsatisfactory experience.",0
"I recommend this to everyone!",1
"Quality was not as expected.",0
"Impressive results!",1
"Did not live up to the expectations.",0
"Best purchase ever!",1
"Will not purchase again.",0
"Great for everyday use!",1
"Very unhappy with this product.",0
"Absolutely love it!",1
"Total waste of time and money.",0
"Fantastic experience overall!",1
"Very low value for the price.",0
"I couldn't be happier!",1
"Complete waste of money.",0
"Exceptional customer service!",1
"Would not recommend this brand.",0
"Best thing I've bought in ages!",1
"Very frustrating product to use.",0
"Wonderful quality!",1
"Completely let down by the product.",0
"Highly effective for my needs!",1
"Very low standards for quality.",0
"I can't recommend this enough!",1
"Not worth the effort.",0
"Such a fantastic deal!",1
"Very disappointing service.",0
"Absolutely wonderful!",1
"Very unhappy with the results.",0
"Great item, will buy again!",1
"Poor customer service experience.",0
"Impressive quality!",1
"Completely unsatisfied with this product.",0
"I couldn't be happier with my choice!",1
"Very disappointing experience overall.",0
"This product is amazing!",1
"Total regret purchasing this.",0
"Such a smart purchase!",1
"Very frustrating outcome.",0
"Fantastic and reliable product!",1
"Really poor quality for the price.",0
"I'd buy this again in a heartbeat!",1
"Complete disappointment.",0
"Great product, very happy!",1
"Very frustrating customer service.",0
"Best choice I've made recently!",1
"Not what I expected at all.",0
"Wonderful product for everyone!",1
"Very disappointed with the quality.",0
"I love this so much!",1
"Total waste of time and money.",0
"Exceptional features!",1
"Very poor experience overall.",0
"Highly effective for my needs!",1
"Very unhappy with the results.",0
"Fantastic experience overall!",1
"Will never buy this product again.",0
"Best quality for the price!",1
"Very low quality overall.",0
"I am so pleased with this purchase!",1
"Awful experience with this brand.",0
"Such a great investment!",1
"Very disappointing customer service.",0
"Absolutely satisfied!",1
"Will not recommend this product.",0
"Wonderful results!",1
"Did not meet my expectations.",0
"Great addition to my routine!",1
"Total waste of effort.",0
"Very effective and useful!",1
"Very poor product quality.",0
"I can't believe how great this is!",1
"Really unhappy with this purchase.",0
"Such a fantastic item!",1
"Did not live up to the hype.",0
"Exceptional and effective!",1
"Very disappointed in the service.",0
"I highly recommend this!",1
"Very frustrating overall.",0
"Fantastic quality!",1
"Will not buy this again.",0
"Best decision ever!",1
"Totally unimpressed with the product.",0
"I love using this every day!",1
"Really poor quality.",0
"Great results every time!",1
"Very unhappy with my order.",0
"Wonderful experience overall!",1
"Not worth your money.",0
"I am amazed by how good this is.",1
"Did not work as promised.",0
"Absolutely fantastic product!",1
"Terrible service from the seller.",0
"Great features for the price!",1
"Really disappointing experience.",0
"Such a useful tool!",1
"Very frustrating product.",0
"Wonderful gift idea!",1
"Very unsatisfactory experience.",0
"I recommend this to everyone!",1
"Quality was not as expected.",0
"Impressive results!",1
"Did not live up to the expectations.",0
"Best purchase ever!",1
"Will not purchase again.",0
"Great for everyday use!",1
"Very unhappy with this product.",0
"Absolutely love it!",1
"Total waste of time and money.",0
"Fantastic experience overall!",1
"Very low value for the price.",0
"I couldn't be happier!",1
"Complete waste of money.",0
"Exceptional customer service!",1
"Would not recommend this brand.",0
"Best thing I've bought in ages!",1
"Very frustrating product to use.",0
"Wonderful quality!",1
"Completely let down by the product.",0
"Highly effective for my needs!",1
"Very low standards for quality.",0
"I can't recommend this enough!",1
"Not worth the effort.",0
"Such a fantastic deal!",1
"Very disappointing service.",0
"Absolutely wonderful!",1
"Very unhappy with the results.",0
"Great item, will buy again!",1
"Poor customer service experience.",0
"Impressive quality!",1
"Completely unsatisfied with this product.",0
"I couldn't be happier with my choice!",1
"Very disappointing experience overall.",0
"This product is amazing!",1
"Total regret purchasing this.",0
"Such a smart purchase!",1
"Very frustrating outcome.",0
"Fantastic and reliable product!",1
"Really poor quality for the price.",0
"I'd buy this again in a heartbeat!",1
"Complete disappointment.",0
"Great product, very happy!",1
"Very frustrating customer service.",0
"Best choice I've made recently!",1
"Not what I expected at all.",0
"Wonderful product for everyone!",1
"Very disappointed with the quality.",0
"I love this so much!",1
"Total waste of time and money.",0
"Exceptional features!",1
"Very poor experience overall.",0
"Highly effective for my needs!",1
"Very unhappy with the results.",0
"Fantastic experience overall!",1
"Will never buy this product again.",0
"Best quality for the price!",1
"Very low quality overall.",0
"I am so pleased with this purchase!",1
"Awful experience with this brand.",0
"Such a great investment!",1
"Very disappointing customer service.",0
"Absolutely satisfied!",1
"Will not recommend this product.",0
"Wonderful results!",1
"Did not meet my expectations.",0
"Great addition to my routine!",1
"Total waste of effort.",0
"Very effective and useful!",1
"Very poor product quality.",0
"I can't believe how great this is!",1
"Really unhappy with this purchase.",0
"Such a fantastic item!",1
"Did not live up to the hype.",0
"Exceptional and effective!",1
"Very disappointed in the service.",0
"I highly recommend this!",1
"Very frustrating overall.",0
"Fantastic quality!",1
"Will not buy this again.",0
"Best decision ever!",1
"Totally unimpressed with the product.",0
"I love using this every day!",1
"Really poor quality.",0
"Great results every time!",1
"Very unhappy with my order.",0
"Wonderful experience overall!",1
"Not worth your money.",0
"I am amazed by how good this is.",1
"Did not work as promised.",0
"Absolutely fantastic product!",1
"Terrible service from the seller.",0
"Great features for the price!",1
"Really disappointing experience.",0
"Such a useful tool!",1
"Very frustrating product.",0
"Wonderful gift idea!",1
"Very unsatisfactory experience.",0
"I recommend this to everyone!",1
"Quality was not as expected.",0
"Impressive results!",1
"Did not live up to the expectations.",0
"Best purchase ever!",1
"Will not purchase again.",0
"Great for everyday use!",1
"Very unhappy with this product.",0
"Absolutely love it!",1
"Total waste of time and money.",0
"Fantastic experience overall!",1
"Very low value for the price.",0
"I couldn't be happier!",1
"Complete waste of money.",0
"Exceptional customer service!",1
"Would not recommend this brand.",0
"Best thing I've bought in ages!",1
"Very frustrating product to use.",0
"Wonderful quality!",1
"Completely let down by the product.",0
"Highly effective for my needs!",1
"Very low standards for quality.",0
"I can't recommend this enough!",1
"Not worth the effort.",0
"Such a fantastic deal!",1
"Very disappointing service.",0
"Absolutely wonderful!",1
"Very unhappy with the results.",0
"Great item, will buy again!",1
"Poor customer service experience.",0
"Impressive quality!",1
"Completely unsatisfied with this product.",0
"I couldn't be happier with my choice!",1
"Very disappointing experience overall.",0
"This product is amazing!",1
"Total regret purchasing this.",0
"Such a smart purchase!",1
"Very frustrating outcome.",0
"Fantastic and reliable product!",1
"Really poor quality for the price.",0
"I'd buy this again in a heartbeat!",1
"Complete disappointment.",0
"Great product, very happy!",1
"Very frustrating customer service.",0
"Best choice I've made recently!",1
"Not what I expected at all.",0
"Wonderful product for everyone!",1
"Very disappointed with the quality.",0
"I love this so much!",1
"Total waste of time and money.",0
"Exceptional features!",1
"Very poor experience overall.",0
"Highly effective for my needs!",1
"Very unhappy with the results.",0
"Fantastic experience overall!",1
"Will never buy this product again.",0
"Best quality for the price!",1
"Very low quality overall.",0
"I am so pleased with this purchase!",1
"Awful experience with this brand.",0
"Such a great investment!",1
"Very disappointing customer service.",0
"Absolutely satisfied!",1
"Will not recommend this product.",0
"Wonderful results!",1
"Did not meet my expectations.",0
"Great addition to my routine!",1
"Total waste of effort.",0
"Very effective and useful!",1
"Very poor product quality.",0
"I can't believe how great this is!",1
"Really unhappy with this purchase.",0
"Such a fantastic item!",1
"Did not live up to the hype.",0
"Exceptional and effective!",1
"Very disappointed in the service.",0
"I highly recommend this!",1
"Very frustrating overall.",0
"Fantastic quality!",1
"Will not buy this again.",0
"Best decision ever!",1
"Totally unimpressed with the product.",0
"I love using this every day!",1
"Really poor quality.",0
"Great results every time!",1
"Very unhappy with my order.",0
"Wonderful experience overall!",1
"Not worth your money.",0
"I am amazed by how good this is.",1
"Did not work as promised.",0
"Absolutely fantastic product!",1
"Terrible service from the seller.",0
"Great features for the price!",1
"Really disappointing experience.",0
"Such a useful tool!",1
"Very frustrating product.",0
"Wonderful gift idea!",1
"Very unsatisfactory experience.",0
"I recommend this to everyone!",1
"Quality was not as expected.",0
"Impressive results!",1
"Did not live up to the expectations.",0
"Best purchase ever!",1
"Will not purchase again.",0
"Great for everyday use!",1
"Very unhappy with this product.",0
"Absolutely love it!",1
"Total waste of time and money.",0
"Fantastic experience overall!",1
"Very low value for the price.",0
"I couldn't be happier!",1
"Complete waste of money.",0
"Exceptional customer service!",1
"Would not recommend this brand.",0
"Best thing I've bought in ages!",1
"Very frustrating product to use.",0
"Wonderful quality!",1
"Completely let down by the product.",0
"Highly effective for my needs!",1
"Very low standards for quality.",0
"I can't recommend this enough!",1
"Not worth the effort.",0
"Such a fantastic deal!",1
"Very disappointing service.",0
"Absolutely wonderful!",1
"Very unhappy with the results.",0
"Great item, will buy again!",1
"Poor customer service experience.",0
"Impressive quality!",1
"Completely unsatisfied with this product.",0
"I couldn't be happier with my choice!",1
"Very disappointing experience overall.",0
"This product is amazing!",1
"Total regret purchasing this.",0
"Such a smart purchase!",1
"Very frustrating outcome.",0
"Fantastic and reliable product!",1
"Really poor quality for the price.",0
"I'd buy this again in a heartbeat!",1
"Complete disappointment.",0
"Great product, very happy!",1
"Very frustrating customer service.",0
"Best choice I've made recently!",1
"Not what I expected at all.",0
"Wonderful product for everyone!",1
"Very disappointed with the quality.",0
"I love this so much!",1
"Total waste of time and money.",0
"Exceptional features!",1
"Very poor experience overall.",0
"Highly effective for my needs!",1
"Very unhappy with the results.",0
"Fantastic experience overall!",1
"Will never buy this product again.",0
"Best quality for the price!",1
"Very low quality overall.",0
"I am so pleased with this purchase!",1
"Awful experience with this brand.",0
"Such a great investment!",1
"Very disappointing customer service.",0
"Absolutely satisfied!",1
"Will not recommend this product.",0
"Wonderful results!",1
"Did not meet my expectations.",0
"Great addition to my routine!",1
"Total waste of effort.",0
"Very effective and useful!",1
"Very poor product quality.",0
"I can't believe how great this is!",1
"Really unhappy with this purchase.",0
"Such a fantastic item!",1
"Did not live up to the hype.",0
"Exceptional and effective!",1
"Very disappointed in the service.",0
"I highly recommend this!",1
"Very frustrating overall.",0
"Fantastic quality!",1
"Will not buy this again.",0
"Best decision ever!",1
"Totally unimpressed with the product.",0
"I love using this every day!",1
"Really poor quality.",0
"Great results every time!",1
"Very unhappy with my order.",0
"Wonderful experience overall!",1
"Not worth your money.",0
"I am amazed by how good this is.",1
"Did not work as promised.",0
"Absolutely fantastic product!",1
"Terrible service from the seller.",0
"Great features for the price!",1
"Really disappointing experience.",0
"Such a useful tool!",1
"Very frustrating product.",0
"Wonderful gift idea!",1
"Very unsatisfactory experience.",0
"I recommend this to everyone!",1
"Quality was not as expected.",0
"Impressive results!",1
"Did not live up to the expectations.",0
"Best purchase ever!",1
"Will not purchase again.",0
"Great for everyday use!",1
"Very unhappy with this product.",0
"Absolutely love it!",1
"Total waste of time and money.",0
"Fantastic experience overall!",1
"Very low value for the price.",0
"I couldn't be happier!",1
"Complete waste of money.",0
"Exceptional customer service!",1
"Would not recommend this brand.",0
"Best thing I've bought in ages!",1
"Very frustrating product to use.",0
"Wonderful quality!",1
"Completely let down by the product.",0
"Highly effective for my needs!",1
"Very low standards for quality.",0
"I can't recommend this enough!",1
"Not worth the effort.",0
"Such a fantastic deal!",1
"Very disappointing service.",0
"Absolutely wonderful!",1
"Very unhappy with the results.",0
"Great item, will buy again!",1
"Poor customer service experience.",0
"Impressive quality!",1
"Completely unsatisfied with this product.",0
"I couldn't be happier with my choice!",1
"Very disappointing experience overall.",0
"This product is amazing!",1
"Total regret purchasing this.",0
"Such a smart purchase!",1
"Very frustrating outcome.",0
"Fantastic and reliable product!",1
"Really poor quality for the price.",0
"I'd buy this again in a heartbeat!",1
"Complete disappointment.",0
"Great product, very happy!",1
"Very frustrating customer service.",0
"Best choice I've made recently!",1
"Not what I expected at all.",0
"Wonderful product for everyone!",1
"Very disappointed with the quality.",0
"I love this so much!",1
"Total waste of time and money.",0
"Exceptional features!",1
"Very poor experience overall.",0
"Highly effective for my needs!",1
"Very unhappy with the results.",0
"Fantastic experience overall!",1
"Will never buy this product again.",0
"Best quality for the price!",1
"Very low quality overall.",0
"I am so pleased with this purchase!",1
"Awful experience with this brand.",0
"Such a great investment!",1
"Very disappointing customer service.",0
"Absolutely satisfied!",1
"Will not recommend this product.",0
"Wonderful results!",1
"Did not meet my expectations.",0
"Great addition to my routine!",1
"Total waste of effort.",0
"Very effective and useful!",1
"Very poor product quality.",0
"I can't believe how great this is!",1
"Really unhappy with this purchase.",0
"Such a fantastic item!",1
"Did not live up to the hype.",0
"Exceptional and effective!",1
"Very disappointed in the service.",0
"I highly recommend this!",1
"Very frustrating overall.",0
"Fantastic quality!",1
"Will not buy this again.",0
"Best decision ever!",1
"Totally unimpressed with the product.",0
"I love using this every day!",1
"Really poor quality.",0
"Great results every time!",1
"Very unhappy with my order.",0
"Wonderful experience overall!",1
"Not worth your money.",0
"I am amazed by how good this is.",1
"Did not work as promised.",0
"Absolutely fantastic product!",1
"Terrible service from the seller.",0
"Great features for the price!",1
"Really disappointing experience.",0
"Such a useful tool!",1
"Very frustrating product.",0
"Wonderful gift idea!",1
"Very unsatisfactory experience.",0
"I recommend this to everyone!",1
"Quality was not as expected.",0
"Impressive results!",1
"Did not live up to the expectations.",0
"Best purchase ever!",1
"Will not purchase again.",0
"Great for everyday use!",1
"Very unhappy with this product.",0
"Absolutely love it!",1
"Total waste of time and money.",0
"Fantastic experience overall!",1
"Very low value for the price.",0
"I couldn't be happier!",1
"Complete waste of money.",0
"Exceptional customer service!",1
"Would not recommend this brand.",0
"Best thing I've bought in ages!",1
"Very frustrating product to use.",0
"Wonderful quality!",1
"Completely let down by the product.",0
"Highly effective for my needs!",1
"Very low standards for quality.",0
"I can't recommend this enough!",1
"Not worth the effort.",0
"Such a fantastic deal!",1
"Very disappointing service.",0
"Absolutely wonderful!",1
"Very unhappy with the results.",0
"Great item, will buy again!",1
"Poor customer service experience.",0
"Impressive quality!",1
"Completely unsatisfied with this product.",0
"I couldn't be happier with my choice!",1
"Very disappointing experience overall.",0
"This product is amazing!",1
"Total regret purchasing this.",0
"Such a smart purchase!",1
"Very frustrating outcome.",0
"Fantastic and reliable product!",1
"Really poor quality for the price.",0
"I'd buy this again in a heartbeat!",1
"Complete disappointment.",0
"Great product, very happy!",1
"Very frustrating customer service.",0
"Best choice I've made recently!",1
"Not what I expected at all.",0
"Wonderful product for everyone!",1
"Very disappointed with the quality.",0
"I love this so much!",1
"Total waste of time and money.",0
"Exceptional features!",1
"Very poor experience overall.",0
"Highly effective for my needs!",1
"Very unhappy with the results.",0
"Fantastic experience overall!",1
"Will never buy this product again.",0
"Best quality for the price!",1
"Very low quality overall.",0
"I am so pleased with this purchase!",1
"Awful experience with this brand.",0
"Such a great investment!",1
"Very disappointing customer service.",0
"Absolutely satisfied!",1
"Will not recommend this product.",0
"Wonderful results!",1
"Did not meet my expectations.",0
"Great addition to my routine!",1
"Total waste of effort.",0
"Very effective and useful!",1
"Very poor product quality.",0
"I can't believe how great this is!",1
"Really unhappy with this purchase.",0
"Such a fantastic item!",1
"Did not live up to the hype.",0
"Exceptional and effective!",1
"Very disappointed in the service.",0
"I highly recommend this!",1
"Very frustrating overall.",0
"Fantastic quality!",1
"Will not buy this again.",0
"Best decision ever!",1
"Totally unimpressed with the product.",0
"I love using this every day!",1
"Really poor quality.",0
"Great results every time!",1
"Very unhappy with my order.",0
"Wonderful experience overall!",1
"Not worth your money.",0
"I am amazed by how good this is.",1
"Did not work as promised.",0
"Absolutely fantastic product!",1
"Terrible service from the seller.",0
"Great features for the price!",1
"Really disappointing experience.",0
"Such a useful tool!",1
"Very frustrating product.",0
"Wonderful gift idea!",1
"Very unsatisfactory experience.",0
"I recommend this to everyone!",1
"Quality was not as expected.",0
"Impressive results!",1
"Did not live up to the expectations.",0
"Best purchase ever!",1
"Will not purchase again.",0
"Great for everyday use!",1
"Very unhappy with this product.",0
"Absolutely love it!",1
"Total waste of time and money.",0
"Fantastic experience overall!",1
"Very low value for the price.",0
"I couldn't be happier!",1
"Complete waste of money.",0
"Exceptional customer service!",1
"Would not recommend this brand.",0
"Best thing I've bought in ages!",1
"Very frustrating product to use.",0
"Wonderful quality!",1
"Completely let down by the product.",0
"Highly effective for my needs!",1
"Very low standards for quality.",0
"I can't recommend this enough!",1
"Not worth the effort.",0
"Such a fantastic deal!",1
"Very disappointing service.",0
"Absolutely wonderful!",1
"Very unhappy with the results.",0
"Great item, will buy again!",1
"Poor customer service experience.",0
"Impressive quality!",1
"Completely unsatisfied with this product.",0
"I couldn't be happier with my choice!",1
"Very disappointing experience overall.",0
"This product is amazing!",1
"Total regret purchasing this.",0
"Such a smart purchase!",1
"Very frustrating outcome.",0
"Fantastic and reliable product!",1
"Really poor quality for the price.",0
"I'd buy this again in a heartbeat!",1
"Complete disappointment.",0
"Great product, very happy!",1
"Very frustrating customer service.",0
"Best choice I've made recently!",1
"Not what I expected at all.",0
"Wonderful product for everyone!",1
"Very disappointed with the quality.",0
"I love this so much!",1
"Total waste of time and money.",0
"Exceptional features!",1
"Very poor experience overall.",0
"Highly effective for my needs!",1
"Very unhappy with the results.",0
"Fantastic experience overall!",1
"Will never buy this product again.",0
"Best quality for the price!",1
"Very low quality overall.",0
"I am so pleased with this purchase!",1
"Awful experience with this brand.",0
"Such a great investment!",1
"Very disappointing customer service.",0
"Absolutely satisfied!",1
"Will not recommend this product.",0
"Wonderful results!",1
"Did not meet my expectations.",0
"Great addition to my routine!",1
"Total waste of effort.",0
"Very effective and useful!",1
"Very poor product quality.",0
"I can't believe how great this is!",1
"Really unhappy with this purchase.",0
"Such a fantastic item!",1
"Did not live up to the hype.",0
"Exceptional and effective!",1
"Very disappointed in the service.",0
"I highly recommend this!",1
"Very frustrating overall.",0
"Fantastic quality!",1
"Will not buy this again.",0
"Best decision ever!",1
"Totally unimpressed with the product.",0
"I love using this every day!",1
"Really poor quality.",0
"Great results every time!",1
"Very unhappy with my order.",0
"Wonderful experience overall!",1
"Not worth your money.",0
"I am amazed by how good this is.",1
"Did not work as promised.",0
"Absolutely fantastic product!",1
"Terrible service from the seller.",0
"Great features for the price!",1
"Really disappointing experience.",0
"Such a useful tool!",1
"Very frustrating product.",0
"Wonderful gift idea!",1
"Very unsatisfactory experience.",0
"I recommend this to everyone!",1
"Quality was not as expected.",0
"Impressive results!",1
"Did not live up to the expectations.",0
"Best purchase ever!",1
"Will not purchase again.",0
"Great for everyday use!",1
"Very unhappy with this product.",0
"Absolutely love it!",1
"Total waste of time and money.",0
"Fantastic experience overall!",1
"Very low value for the price.",0
"I couldn't be happier!",1
"Complete waste of money.",0
"Exceptional customer service!",1
"Would not recommend this brand.",0
"Best thing I've bought in ages!",1
"Very frustrating product to use.",0
"Wonderful quality!",1
"Completely let down by the product.",0
"Highly effective for my needs!",1
"Very low standards for quality.",0
